Name	Completeness	Contamination	Completeness_Model_Used	Translation_Table_Used	Coding_Density	Contig_N50	Average_Gene_Length	Genome_Size	GC_Content	Total_Coding_Sequences	Total_Contigs	Max_Contig_Length	Additional_Notes
ERR2641635_bin.10	17.96	0.02	Neural Network (Specific Model)	11	0.875	20434	319.22610294117646	594505	0.48	544	46	56835	None
ERR2641635_bin.11	93.75	90.58	Neural Network (Specific Model)	11	0.888	23178	312.73126142595976	5192956	0.42	4923	371	74923	None
ERR2641635_bin.12	8.18	0.01	Neural Network (Specific Model)	11	0.833	21557	227.8186813186813	297887	0.44	364	22	53032	None
ERR2641635_bin.13	98.31	1.1	Neural Network (Specific Model)	11	0.911	24257	322.7213887698243	2474649	0.38	2333	153	84987	None
ERR2641635_bin.14	75.69	1.39	Neural Network (Specific Model)	11	0.896	6597	295.44547134935306	2137780	0.44	2164	403	29691	None
ERR2641635_bin.17	38.05	0.01	Neural Network (Specific Model)	11	0.908	93743	369.51732673267327	1970830	0.44	1616	28	234064	None
ERR2641635_bin.19	6.5	0.02	Neural Network (Specific Model)	11	0.847	14430	255.64389233954452	435531	0.35	483	65	32671	None
ERR2641635_bin.21	97.25	0.0	Neural Network (Specific Model)	11	0.912	22444	327.61829944547134	2328092	0.38	2164	151	54966	None
ERR2641635_bin.22	77.2	18.11	Neural Network (Specific Model)	11	0.882	106094	353.8521303258145	2397638	0.6	1995	34	598462	None
ERR2641635_bin.23	7.8	0.17	Neural Network (Specific Model)	11	0.86	7230	251.71428571428572	263581	0.44	301	43	25140	None
ERR2641635_bin.25	11.15	0.0	Neural Network (Specific Model)	11	0.857	36313	285.68226600985224	405257	0.41	406	22	47543	None
ERR2641635_bin.26	46.21	1.96	Gradient Boost (General Model)	11	0.888	3628	254.0963503649635	1173900	0.6	1370	360	11660	None
ERR2641635_bin.28	90.95	0.53	Neural Network (Specific Model)	11	0.911	39123	355.68998923573736	4347924	0.47	3716	157	165252	None
ERR2641635_bin.3	95.77	1.52	Gradient Boost (General Model)	11	0.894	51132	309.43654822335026	1634718	0.28	1576	60	140276	None
ERR2641635_bin.30	41.56	0.11	Neural Network (Specific Model)	11	0.898	213323	328.3377483443709	827252	0.59	755	5	274123	None
ERR2641635_bin.36	91.03	5.55	Neural Network (Specific Model)	11	0.898	19576	306.4637571157495	2693131	0.37	2635	204	74507	None
ERR2641635_bin.37	94.82	9.77	Neural Network (Specific Model)	11	0.907	12192	359.03299247540036	6144979	0.42	5183	735	59563	None
ERR2641635_bin.40	49.35	4.72	Neural Network (Specific Model)	11	0.896	3569	294.749383325111	1997883	0.44	2027	596	18022	None
ERR2641635_bin.41	55.2	0.08	Gradient Boost (General Model)	11	0.928	3527	268.7152658662093	1010915	0.48	1166	318	12488	None
ERR2641635_bin.42	49.39	0.09	Neural Network (Specific Model)	11	0.881	3871	263.25515660809776	1171924	0.6	1309	325	17398	None
ERR2641635_bin.43	92.42	1.59	Neural Network (Specific Model)	11	0.907	63781	318.3575709149021	2631183	0.44	2503	67	171248	None
ERR2641635_bin.45	76.31	3.25	Neural Network (Specific Model)	11	0.912	7695	303.61259628454917	2199176	0.38	2207	367	45697	None
ERR2641635_bin.48	46.13	0.06	Neural Network (Specific Model)	11	0.874	147299	390.28165374677	1036015	0.6	774	9	409111	None
ERR2641635_bin.49	38.51	0.79	Neural Network (Specific Model)	11	0.87	38195	320.46424384525204	941246	0.6	853	32	105454	None
ERR2641635_bin.5	4.98	0.26	Neural Network (Specific Model)	11	0.866	9711	256.4206008583691	206471	0.45	233	24	27590	None
ERR2641635_bin.50	34.98	8.82	Neural Network (Specific Model)	11	0.87	6376	242.66873212583414	1749284	0.35	2098	351	32056	None
ERR2641635_bin.51	98.62	0.46	Gradient Boost (General Model)	11	0.9	51365	296.8130841121495	1795368	0.46	1819	46	139750	None
ERR2641635_bin.53	97.73	12.2	Gradient Boost (General Model)	11	0.859	24266	302.1344199830652	4972500	0.37	4724	400	89902	None
ERR2641635_bin.54	54.85	0.06	Neural Network (Specific Model)	11	0.918	117414	361.0799031476998	2433410	0.46	2065	30	240482	None
ERR2641635_bin.56	23.69	0.02	Neural Network (Specific Model)	11	0.884	147195	317.572972972973	995369	0.42	925	12	256112	None
ERR2641635_bin.58	6.84	0.02	Neural Network (Specific Model)	11	0.86	9631	295.8956834532374	286666	0.36	278	37	34407	None
ERR2641635_bin.6	8.26	0.08	Neural Network (Specific Model)	11	0.867	31502	274.47222222222223	204479	0.48	216	12	43873	None
ERR2641635_bin.60	87.92	10.81	Neural Network (Specific Model)	11	0.862	19813	314.06489028213167	3481771	0.42	3190	272	114554	None
ERR2641635_bin.61	5.39	0.0	Neural Network (Specific Model)	11	0.878	37092	306.80099502487565	210070	0.47	201	6	57470	None
ERR2641635_bin.62	68.13	1.6	Neural Network (Specific Model)	11	0.881	34059	322.04977375565613	1693904	0.61	1547	80	71239	None
ERR2641635_bin.63	80.75	2.0	Neural Network (Specific Model)	11	0.875	27290	316.30881458966564	1782821	0.6	1645	97	72630	None
ERR2641635_bin.64	99.81	3.56	Neural Network (Specific Model)	11	0.854	63079	334.1470113085622	2903617	0.37	2476	81	133744	None
ERR2641635_bin.66	93.82	1.95	Gradient Boost (General Model)	11	0.888	34643	319.1237509607994	2799032	0.49	2602	128	184925	None
ERR2641635_bin.7	12.98	0.01	Neural Network (Specific Model)	11	0.869	293039	339.6461038961039	360418	0.61	308	2	293039	None
ERR2641635_bin.8	5.41	0.0	Neural Network (Specific Model)	11	0.918	48204	294.6326530612245	235576	0.48	245	5	100172	None
ERR2641677_bin.10	99.95	2.83	Neural Network (Specific Model)	11	0.882	50197	324.74584717607974	2654860	0.43	2408	94	168898	None
ERR2641677_bin.11	55.28	0.87	Gradient Boost (General Model)	11	0.909	7277	273.2610410094637	1140884	0.42	1268	207	27793	None
ERR2641677_bin.12	41.87	0.05	Gradient Boost (General Model)	11	0.906	9715	306.10973084886126	977289	0.47	966	131	30464	None
ERR2641677_bin.13	88.12	0.9	Neural Network (Specific Model)	11	0.897	61823	317.3976116762494	2395074	0.41	2261	75	131051	None
ERR2641677_bin.14	78.13	0.0	Neural Network (Specific Model)	11	0.894	162736	318.6381074168798	1668767	0.46	1564	15	309190	None
ERR2641677_bin.15	82.06	0.72	Neural Network (Specific Model)	11	0.9	15808	314.52049360951963	2374874	0.42	2269	220	56386	None
ERR2641677_bin.17	79.77	1.06	Neural Network (Specific Model)	11	0.909	6743	347.71824104234526	2814124	0.39	2456	531	28322	None
ERR2641677_bin.18	59.2	4.08	Neural Network (Specific Model)	11	0.943	3360	276.11851332398317	1250306	0.38	1426	405	11182	None
ERR2641677_bin.19	99.21	0.09	Neural Network (Specific Model)	11	0.883	41160	331.8250222617988	2529302	0.36	2246	101	111658	None
ERR2641677_bin.2	13.85	0.0	Neural Network (Specific Model)	11	0.915	16186	316.2163009404389	330011	0.44	319	28	37858	None
ERR2641677_bin.20	89.33	12.87	Neural Network (Specific Model)	11	0.904	17594	352.0103767560664	7305307	0.42	6264	650	96779	None
ERR2641677_bin.22	61.77	0.78	Neural Network (Specific Model)	11	0.911	3803	306.08276740237693	2370851	0.44	2356	673	13184	None
ERR2641677_bin.23	86.4	3.17	Neural Network (Specific Model)	11	0.904	33008	364.84161073825504	3605170	0.46	2980	165	152239	None
ERR2641677_bin.25	82.84	0.99	Neural Network (Specific Model)	11	0.91	9752	306.4302612124199	2046400	0.38	2029	295	29201	None
ERR2641677_bin.26	36.23	0.05	Neural Network (Specific Model)	11	0.888	62804	322.41263940520446	877826	0.47	807	28	134026	None
ERR2641677_bin.27	21.15	0.0	Neural Network (Specific Model)	11	0.932	3185	326.69255319148937	986651	0.46	940	325	10266	None
ERR2641677_bin.30	87.79	0.13	Neural Network (Specific Model)	11	0.904	86896	377.15610378562315	2940719	0.59	2351	53	297024	None
ERR2641677_bin.32	78.03	12.25	Neural Network (Specific Model)	11	0.898	7380	293.67198581560285	2208528	0.42	2256	403	37247	None
ERR2641677_bin.36	89.29	19.01	Neural Network (Specific Model)	11	0.913	12223	354.5977970627503	6973248	0.42	5992	882	54530	None
ERR2641677_bin.37	9.48	0.24	Neural Network (Specific Model)	11	0.861	6736	243.52369668246445	356946	0.52	422	65	29289	None
ERR2641677_bin.39	96.03	15.16	Neural Network (Specific Model)	11	0.875	28188	320.89069111424544	4675040	0.43	4254	292	93289	None
ERR2641677_bin.41	13.24	0.85	Neural Network (Specific Model)	11	0.828	50593	304.470054446461	606942	0.39	551	23	83117	None
ERR2641677_bin.43	95.3	1.1	Neural Network (Specific Model)	11	0.874	69509	342.1003562945368	1975838	0.6	1684	40	187497	None
ERR2641677_bin.45	92.05	1.85	Neural Network (Specific Model)	11	0.879	41087	343.08546059933406	2107921	0.6	1802	86	178282	None
ERR2641677_bin.46	8.36	0.0	Neural Network (Specific Model)	11	0.874	27257	331.46534653465346	229458	0.4	202	17	52724	None
ERR2641677_bin.47	11.59	0.01	Neural Network (Specific Model)	11	0.884	45263	320.46440677966103	320347	0.54	295	13	73426	None
ERR2641677_bin.48	89.99	1.26	Neural Network (Specific Model)	11	0.903	67453	320.620753323486	2877240	0.44	2708	73	217242	None
ERR2641677_bin.49	20.03	0.0	Neural Network (Specific Model)	11	0.886	252115	326.2397094430993	455341	0.46	413	6	252115	None
ERR2641677_bin.5	97.99	73.45	Neural Network (Specific Model)	11	0.89	7114	298.581345985766	8043731	0.43	8009	1480	60426	None
ERR2641677_bin.50	99.74	19.04	Neural Network (Specific Model)	11	0.839	13764	279.98644138506467	4786708	0.37	4794	562	89936	None
ERR2641677_bin.51	16.34	1.34	Neural Network (Specific Model)	11	0.877	19694	259.50480256136603	829033	0.52	937	66	156765	None
ERR2641677_bin.52	54.27	3.14	Neural Network (Specific Model)	11	0.882	3510	260.2370990237099	1267118	0.62	1434	397	16458	None
ERR2641677_bin.53	46.97	0.35	Neural Network (Specific Model)	11	0.873	3957	278.5143266475645	1333295	0.5	1396	364	23463	None
ERR2641677_bin.54	84.89	0.01	Neural Network (Specific Model)	11	0.895	47763	346.735278791037	2225434	0.42	1919	72	286436	None
ERR2641677_bin.55	100.0	0.15	Neural Network (Specific Model)	11	0.887	88595	349.29677980852915	2709916	0.56	2298	47	197313	None
ERR2641677_bin.56	10.89	0.1	Neural Network (Specific Model)	11	0.821	51667	234.39953810623555	370208	0.41	433	17	71847	None
ERR2641677_bin.57	8.93	0.02	Neural Network (Specific Model)	11	0.867	8992	283.4846625766871	319301	0.34	326	39	41833	None
ERR2641677_bin.59	84.46	6.45	Gradient Boost (General Model)	11	0.919	8081	308.2590987868284	2317931	0.45	2308	374	45806	None
ERR2641677_bin.6	5.6	0.0	Neural Network (Specific Model)	11	0.922	13058	384.76444444444445	281596	0.48	225	39	28222	None
ERR2641677_bin.60	52.3	0.05	Neural Network (Specific Model)	11	0.919	3416	302.47356188262637	1696956	0.61	1721	538	10434	None
ERR2641677_bin.64	52.1	0.1	Neural Network (Specific Model)	11	0.906	3713	278.89805375347544	994977	0.55	1079	293	10717	None
ERR2641677_bin.65	100.0	0.17	Gradient Boost (General Model)	11	0.892	13424	286.7554704595186	1760021	0.49	1828	169	43596	None
ERR2641677_bin.67	97.1	0.41	Neural Network (Specific Model)	11	0.896	73784	332.92680986475733	2797801	0.47	2514	72	182453	None
ERR2641677_bin.69	100.0	1.14	Gradient Boost (General Model)	11	0.898	50068	337.039685820587	2720978	0.44	2419	82	165917	None
ERR2641677_bin.71	92.73	1.59	Neural Network (Specific Model)	11	0.897	24877	296.1119554204661	1950363	0.34	1974	132	56407	None
ERR2641677_bin.73	100.0	2.63	Neural Network (Specific Model)	11	0.876	171492	357.13857064920893	2238736	0.56	1833	27	370725	None
ERR2641677_bin.8	4.46	0.01	Neural Network (Specific Model)	11	0.88	40169	251.77580071174378	240439	0.5	281	7	69716	None
ERR2641677_bin.9	63.06	6.87	Gradient Boost (General Model)	11	0.907	2455	250.4018691588785	1413524	0.63	1712	571	7865	None
ERR2641733_bin.1	52.57	0.01	Neural Network (Specific Model)	11	0.903	3091	294.8415254237288	1153425	0.49	1180	386	10680	None
ERR2641733_bin.10	15.64	0.0	Neural Network (Specific Model)	11	0.879	94885	392.04247104247105	346361	0.6	259	6	95924	None
ERR2641733_bin.12	86.11	2.26	Gradient Boost (General Model)	11	0.911	16464	312.67712733856365	1704033	0.61	1657	156	83487	None
ERR2641733_bin.14	38.31	0.17	Neural Network (Specific Model)	11	0.883	74321	304.9951397326853	851517	0.39	823	20	135002	None
ERR2641733_bin.2	85.62	0.03	Gradient Boost (General Model)	11	0.864	6750	292.4841075794621	1658980	0.45	1636	310	45473	None
ERR2641733_bin.20	74.1	7.56	Gradient Boost (General Model)	11	0.881	5313	272.6410014170997	1962254	0.58	2117	440	30199	None
ERR2641733_bin.21	53.61	0.28	Neural Network (Specific Model)	11	0.902	238280	351.35648148148147	1008679	0.59	864	15	287588	None
ERR2641733_bin.23	13.1	0.0	Neural Network (Specific Model)	11	0.905	2568	244.94610778443115	406013	0.59	501	164	5819	None
ERR2641733_bin.25	5.99	0.0	Neural Network (Specific Model)	11	0.886	21466	317.29328621908127	303216	0.38	283	24	100823	None
ERR2641733_bin.27	6.98	0.0	Neural Network (Specific Model)	11	0.852	28243	243.03076923076924	221861	0.54	260	18	62085	None
ERR2641733_bin.28	54.71	0.27	Neural Network (Specific Model)	11	0.92	36202	386.93383458646616	1676729	0.61	1330	74	93191	None
ERR2641733_bin.29	20.93	0.05	Neural Network (Specific Model)	11	0.93	2529	278.9157142857143	628800	0.44	700	254	6834	None
ERR2641733_bin.3	82.96	0.15	Neural Network (Specific Model)	11	0.918	5597	353.9502202643172	2620741	0.44	2270	571	21710	None
ERR2641733_bin.30	93.83	10.86	Neural Network (Specific Model)	11	0.879	30884	317.47727272727275	2287090	0.59	2112	106	108083	None
ERR2641733_bin.31	99.93	0.44	Neural Network (Specific Model)	11	0.868	72978	325.69174041297936	2285927	0.55	2034	50	254698	None
ERR2641733_bin.32	7.33	0.18	Neural Network (Specific Model)	11	0.867	16272	291.0108108108108	371620	0.52	370	38	47153	None
ERR2641733_bin.33	78.05	1.75	Neural Network (Specific Model)	11	0.905	6640	330.30557184750734	1864388	0.56	1705	336	37334	None
ERR2641733_bin.35	95.08	0.28	Gradient Boost (General Model)	11	0.9	19833	321.4449404761905	2155900	0.55	2016	157	91019	None
ERR2641733_bin.36	88.43	47.58	Neural Network (Specific Model)	11	0.923	6414	341.06608924872904	5882388	0.6	5311	1167	72291	None
ERR2641733_bin.37	68.04	4.42	Gradient Boost (General Model)	11	0.909	4234	260.2871621621622	1776614	0.57	2072	480	20631	None
ERR2641733_bin.38	26.58	0.59	Neural Network (Specific Model)	11	0.938	2854	310.76345840130506	1216320	0.46	1226	441	10076	None
ERR2641733_bin.39	49.9	1.8	Neural Network (Specific Model)	11	0.887	3366	262.1278600269179	1315298	0.6	1486	426	13176	None
ERR2641733_bin.4	20.88	1.78	Neural Network (Specific Model)	11	0.948	2086	287.9663157894737	432366	0.33	475	200	7515	None
ERR2641733_bin.40	54.88	0.0	Neural Network (Specific Model)	11	0.893	12782	312.6238410596026	791846	0.46	755	90	60493	None
ERR2641733_bin.41	85.99	1.58	Neural Network (Specific Model)	11	0.915	9505	306.20594713656385	1819139	0.42	1816	272	31044	None
ERR2641733_bin.42	30.31	0.0	Neural Network (Specific Model)	11	0.865	71947	379.65294117647056	671195	0.6	510	14	168072	None
ERR2641733_bin.44	94.76	0.39	Neural Network (Specific Model)	11	0.902	22909	361.8301728945901	4308639	0.42	3586	307	83729	None
ERR2641733_bin.47	66.89	1.66	Neural Network (Specific Model)	11	0.9	4248	290.8773841961853	1776974	0.57	1835	496	13484	None
ERR2641733_bin.48	84.48	0.44	Neural Network (Specific Model)	11	0.894	50638	352.52959288402326	3452817	0.4	2923	135	156562	None
ERR2641733_bin.5	15.52	1.12	Neural Network (Specific Model)	11	0.89	2046	232.60521885521885	928069	0.35	1188	430	7676	None
ERR2641733_bin.50	97.79	3.52	Gradient Boost (General Model)	11	0.886	16288	318.050505050505	2875379	0.49	2673	255	124603	None
ERR2641733_bin.51	79.64	0.69	Gradient Boost (General Model)	11	0.867	8772	305.1730769230769	1808526	0.5	1716	264	54579	None
ERR2641733_bin.52	42.55	2.15	Gradient Boost (General Model)	11	0.898	2547	244.43120805369128	970582	0.61	1192	376	14787	None
ERR2641733_bin.53	80.03	5.15	Neural Network (Specific Model)	11	0.869	12399	291.85896180215474	2055316	0.58	2042	248	74844	None
ERR2641733_bin.55	47.43	0.47	Gradient Boost (General Model)	11	0.893	20568	367.17770034843204	1413802	0.45	1148	106	53142	None
ERR2641733_bin.56	11.01	0.04	Neural Network (Specific Model)	11	0.861	15403	278.5132275132275	365797	0.4	378	45	64893	None
ERR2641733_bin.6	73.53	11.79	Gradient Boost (General Model)	11	0.897	4333	271.075708647291	2520452	0.59	2787	680	21104	None
ERR2641733_bin.60	86.71	4.98	Gradient Boost (General Model)	11	0.87	29848	301.1952301719357	1870515	0.59	1803	103	110586	None
ERR2641733_bin.61	93.76	3.4	Neural Network (Specific Model)	11	0.889	57041	319.32331975560083	2112274	0.6	1964	59	154428	None
ERR2641733_bin.62	91.12	2.66	Gradient Boost (General Model)	11	0.9	32856	314.8137421919364	1845188	0.63	1761	79	86783	None
ERR2641733_bin.64	100.0	0.48	Gradient Boost (General Model)	11	0.886	57684	310.063976945245	1818652	0.54	1735	46	297419	None
ERR2641733_bin.65	39.48	0.08	Neural Network (Specific Model)	11	0.918	16737	368.5494296577947	1266149	0.48	1052	116	41344	None
ERR2641733_bin.7	21.02	0.41	Neural Network (Specific Model)	11	0.895	2321	246.9522546419098	622891	0.59	754	263	7367	None
ERR2641733_bin.70	87.06	27.36	Neural Network (Specific Model)	11	0.892	6350	304.86345933562427	4467047	0.44	4365	896	85541	None
ERR2641733_bin.71	99.89	0.71	Neural Network (Specific Model)	11	0.874	138162	338.3451086956522	2135058	0.6	1840	29	211177	None
ERR2641733_bin.72	6.45	0.01	Neural Network (Specific Model)	11	0.836	77925	244.13213213213214	291351	0.46	333	13	79740	None
ERR2641733_bin.73	62.8	0.18	Neural Network (Specific Model)	11	0.877	118918	314.4482484076433	1348233	0.41	1256	18	200423	None
ERR2641733_bin.74	5.65	0.02	Neural Network (Specific Model)	11	0.849	197276	260.03041825095056	241552	0.47	263	3	197276	None
ERR2641733_bin.75	70.56	0.21	Neural Network (Specific Model)	11	0.901	14115	316.98451834862385	1838976	0.43	1744	181	38936	None
ERR2641733_bin.77	97.98	0.75	Gradient Boost (General Model)	11	0.896	93627	337.8910081743869	2902920	0.44	2569	38	230466	None
ERR2641733_bin.79	43.95	0.41	Neural Network (Specific Model)	11	0.83	14115	296.24407114624506	1082372	0.51	1012	110	66254	None
ERR2641733_bin.80	8.15	0.0	Neural Network (Specific Model)	11	0.892	2333	250.6235741444867	221247	0.61	263	95	5772	None
ERR2641733_bin.81	7.49	0.0	Neural Network (Specific Model)	11	0.876	38922	306.36170212765956	245965	0.49	235	13	76350	None
ERR2641733_bin.83	91.47	1.81	Gradient Boost (General Model)	11	0.877	7393	309.50019018638267	2777562	0.58	2629	481	37016	None
ERR2641733_bin.84	84.39	5.49	Gradient Boost (General Model)	11	0.886	4057	273.7203928365107	1603028	0.6	1731	441	19681	None
ERR2641733_bin.85	6.88	0.0	Neural Network (Specific Model)	11	0.895	11461	221.5248041775457	283400	0.54	383	45	44998	None
ERR2641733_bin.86	77.48	0.5	Gradient Boost (General Model)	11	0.886	58101	328.4217228464419	1482129	0.47	1335	48	209130	None
ERR2641733_bin.9	94.42	0.27	Neural Network (Specific Model)	11	0.915	23377	327.71971066907776	2372298	0.38	2212	154	117026	None
SRR059458_bin.1	86.0	0.42	Neural Network (Specific Model)	11	0.884	8267	323.77868852459017	2007373	0.39	1830	335	31987	None
SRR059458_bin.10	82.67	0.63	Neural Network (Specific Model)	11	0.876	11231	323.38430173292556	2170445	0.46	1962	281	43257	None
SRR059458_bin.11	90.24	0.0	Neural Network (Specific Model)	11	0.902	67063	328.4668989547038	1563741	0.47	1435	39	123692	None
SRR059458_bin.13	69.9	2.75	Gradient Boost (General Model)	11	0.91	62536	363.28998968008256	1159361	0.43	969	33	169265	None
SRR059458_bin.14	26.01	1.6	Neural Network (Specific Model)	11	0.894	6047	322.744094488189	549377	0.54	508	110	17048	None
SRR059458_bin.18	99.9	0.56	Neural Network (Specific Model)	11	0.91	41822	351.0763005780347	1998228	0.56	1730	80	139103	None
SRR059458_bin.19	31.58	13.18	Neural Network (Specific Model)	11	0.875	5209	295.66606660666065	1124115	0.53	1111	262	18685	None
SRR059458_bin.2	46.5	0.95	Neural Network (Specific Model)	11	0.888	20734	307.7365930599369	658292	0.37	634	44	65253	None
SRR059458_bin.20	80.97	35.52	Neural Network (Specific Model)	11	0.89	6433	328.94134897360703	2642592	0.53	2387	502	29373	None
SRR059458_bin.21	86.26	1.48	Gradient Boost (General Model)	11	0.913	22648	333.70300261096605	1675612	0.53	1532	116	62301	None
SRR059458_bin.22	84.0	0.06	Neural Network (Specific Model)	11	0.882	47533	352.4428473648186	1750512	0.35	1461	64	107961	None
SRR059458_bin.24	23.62	0.0	Neural Network (Specific Model)	11	0.871	107025	357.22049689440996	396042	0.42	322	3	194789	None
SRR059458_bin.25	55.06	0.56	Neural Network (Specific Model)	11	0.877	15137	355.6228323699422	841352	0.43	692	86	33624	None
SRR059458_bin.26	32.79	1.81	Neural Network (Specific Model)	11	0.924	3813	300.7619738751814	671714	0.55	689	196	11534	None
SRR059458_bin.27	92.09	0.05	Neural Network (Specific Model)	11	0.865	142440	370.41339869281046	1570125	0.46	1224	18	294352	None
SRR059458_bin.28	82.26	3.31	Neural Network (Specific Model)	11	0.915	4296	281.7318952234206	1196636	0.32	1298	324	18046	None
SRR059458_bin.29	23.7	0.0	Neural Network (Specific Model)	11	0.878	239484	383.8910891089109	397371	0.4	303	2	239484	None
SRR059458_bin.30	31.65	0.13	Neural Network (Specific Model)	11	0.956	2874	299.7464953271028	803591	0.46	856	293	9027	None
SRR059458_bin.5	33.09	0.39	Neural Network (Specific Model)	11	0.886	16346	344.9312377210216	593674	0.39	509	51	64023	None
SRR059458_bin.6	22.05	0.01	Neural Network (Specific Model)	11	0.923	75811	358.36538461538464	302573	0.39	260	9	83007	None
SRR059458_bin.7	69.75	1.13	Neural Network (Specific Model)	11	0.899	4175	295.07126030624266	1668906	0.48	1698	465	13822	None
SRR059458_bin.8	40.43	0.03	Neural Network (Specific Model)	11	0.915	3062	289.3761589403974	715025	0.45	755	240	11158	None
SRR059458_bin.9	32.84	0.0	Neural Network (Specific Model)	11	0.87	132656	361.06666666666666	858434	0.43	690	11	249635	None
SRR059459_bin.10	85.82	0.82	Neural Network (Specific Model)	11	0.917	4539	300.0700934579439	1258681	0.27	1284	324	19654	None
SRR059459_bin.11	48.32	0.02	Neural Network (Specific Model)	11	0.921	10896	305.78395061728395	482829	0.32	486	68	46220	None
SRR059459_bin.12	11.79	0.0	Neural Network (Specific Model)	11	0.87	2864	265.1158536585366	299282	0.48	328	110	6677	None
SRR059459_bin.13	72.05	0.38	Neural Network (Specific Model)	11	0.9	4372	299.76057176891004	1676157	0.48	1679	450	17913	None
SRR059459_bin.15	8.31	0.73	Neural Network (Specific Model)	11	0.879	5746	326.1658536585366	227867	0.53	205	50	12259	None
SRR059459_bin.18	99.98	0.75	Neural Network (Specific Model)	11	0.909	48389	350.02737332556785	1980449	0.56	1717	60	103831	None
SRR059459_bin.19	80.93	50.1	Neural Network (Specific Model)	11	0.89	5923	325.4897810218978	3002154	0.53	2740	606	26127	None
SRR059459_bin.2	35.06	19.1	Neural Network (Specific Model)	11	0.869	4803	299.71724137931034	1347828	0.52	1305	319	18060	None
SRR059459_bin.20	100.0	92.34	Neural Network (Specific Model)	11	0.939	51002	322.09004934210526	2494338	0.27	2432	86	147104	None
SRR059459_bin.21	32.07	0.02	Neural Network (Specific Model)	11	0.957	2716	298.3418423973363	840503	0.45	901	313	9877	None
SRR059459_bin.22	60.56	0.8	Neural Network (Specific Model)	11	0.875	15880	355.07547169811323	967130	0.42	795	92	70982	None
SRR059459_bin.24	62.01	0.02	Neural Network (Specific Model)	11	0.866	145880	359.5685570710696	1732154	0.43	1393	18	446525	None
SRR059459_bin.25	28.78	0.13	Neural Network (Specific Model)	11	0.857	100048	333.5370705244123	644534	0.41	553	16	167489	None
SRR059459_bin.26	99.78	0.37	Neural Network (Specific Model)	11	0.891	84568	319.16436363636365	1474915	0.39	1375	29	227681	None
SRR059459_bin.27	48.75	0.02	Neural Network (Specific Model)	11	0.891	18682	306.22335766423356	705345	0.37	685	51	32230	None
SRR059459_bin.28	83.68	1.1	Neural Network (Specific Model)	11	0.879	10548	327.4327651515151	1178239	0.43	1056	166	57496	None
SRR059459_bin.3	12.12	0.01	Neural Network (Specific Model)	11	0.922	4153	299.07086614173227	246673	0.53	254	63	10611	None
SRR059459_bin.30	20.54	0.0	Neural Network (Specific Model)	11	0.918	71465	394.7980769230769	268133	0.44	208	6	85136	None
SRR059459_bin.32	23.71	0.0	Neural Network (Specific Model)	11	0.878	239887	382.9703947368421	397774	0.4	304	2	239887	None
SRR059459_bin.5	15.79	0.07	Neural Network (Specific Model)	11	0.955	3515	300.02830188679246	299243	0.56	318	96	7252	None
SRR059459_bin.6	88.07	1.63	Neural Network (Specific Model)	11	0.881	7328	319.0556144067797	2047696	0.39	1888	361	24966	None
SRR059459_bin.7	77.95	2.33	Neural Network (Specific Model)	11	0.922	4382	287.9830028328612	990667	0.32	1059	257	13540	None
SRR059459_bin.9	81.46	0.23	Neural Network (Specific Model)	11	0.88	37282	342.9582542694497	1845926	0.35	1581	77	96312	None
SRR513791_bin.2	45.86	0.02	Neural Network (Specific Model)	11	0.902	32016	298.59178433889605	771627	0.36	779	42	85239	None
SRR8692206_bin.1	25.14	0.0	Neural Network (Specific Model)	11	0.896	272822	325.8495798319328	1296261	0.51	1190	10	406964	None
SRR8692206_bin.10	10.43	0.03	Neural Network (Specific Model)	11	0.882	58401	305.404	259234	0.4	250	5	98055	None
SRR8692206_bin.12	24.88	0.01	Neural Network (Specific Model)	11	0.884	126486	288.97222222222223	387620	0.4	396	7	127241	None
SRR8692206_bin.13	9.82	0.05	Neural Network (Specific Model)	11	0.892	60747	299.883950617284	407190	0.43	405	10	99166	None
SRR8692206_bin.14	89.22	5.45	Neural Network (Specific Model)	11	0.839	7749	260.9549120234604	2540684	0.32	2728	474	30425	None
SRR8692206_bin.18	54.93	0.11	Neural Network (Specific Model)	11	0.895	781933	316.4475668265936	1546386	0.37	1459	5	781933	None
SRR8692206_bin.19	99.99	0.35	Neural Network (Specific Model)	11	0.882	401300	323.9767072525146	2078559	0.39	1889	10	832773	None
SRR8692206_bin.2	12.32	0.01	Neural Network (Specific Model)	11	0.907	85872	360.4074074074074	514081	0.47	432	8	116379	None
SRR8692206_bin.20	43.43	0.72	Neural Network (Specific Model)	11	0.886	189940	318.06457739791074	1132359	0.38	1053	11	229500	None
SRR8692206_bin.21	99.62	0.14	Neural Network (Specific Model)	11	0.899	58227	303.394438722966	1962636	0.35	1942	44	173646	None
SRR8692206_bin.22	9.63	5.55	Neural Network (Specific Model)	11	0.959	287764	364.29457364341084	293338	0.6	258	3	287764	None
SRR8692206_bin.25	40.72	0.22	Neural Network (Specific Model)	11	0.903	2948	242.47368421052633	1955309	0.56	2432	693	9178	None
SRR8692206_bin.27	10.28	0.0	Neural Network (Specific Model)	11	0.834	11039	243.53333333333333	498085	0.28	570	75	39906	None
SRR8692206_bin.3	7.49	0.0	Neural Network (Specific Model)	11	0.88	57233	324.672131147541	202290	0.49	183	6	98064	None
SRR8692206_bin.30	6.8	0.0	Neural Network (Specific Model)	11	0.902	213003	282.28819444444446	269601	0.5	288	3	213003	None
SRR8692206_bin.31	6.84	0.0	Neural Network (Specific Model)	11	0.922	84444	420.344262295082	416491	0.45	305	7	161141	None
SRR8692206_bin.32	12.68	0.02	Neural Network (Specific Model)	11	0.888	197682	310.97452229299364	329526	0.39	314	5	197682	None
SRR8692206_bin.33	94.69	0.64	Neural Network (Specific Model)	11	0.835	38865	302.20044488383587	4390518	0.28	4046	202	165982	None
SRR8692206_bin.35	15.52	0.0	Neural Network (Specific Model)	11	0.893	145531	336.0548961424332	759208	0.51	674	6	205556	None
SRR8692206_bin.4	11.17	0.0	Neural Network (Specific Model)	11	0.907	85085	383.96672504378284	724372	0.46	571	11	136366	None
SRR8692206_bin.6	40.4	0.19	Neural Network (Specific Model)	11	0.917	172316	369.503003003003	1608293	0.46	1332	12	279423	None
SRR8692206_bin.7	9.92	0.0	Neural Network (Specific Model)	11	0.886	44499	366.37089201877933	263903	0.4	213	8	77581	None
SRR8692206_bin.8	4.44	0.0	Neural Network (Specific Model)	11	0.84	141861	263.1834862385321	204617	0.48	218	3	141861	None
SRR8692207_bin.11	22.29	0.15	Neural Network (Specific Model)	11	0.841	60934	322.74563591022445	921982	0.42	802	21	179058	None
SRR8692207_bin.15	5.86	0.0	Neural Network (Specific Model)	11	0.863	6838	268.30864197530866	225805	0.59	243	44	20406	None
SRR8692207_bin.16	36.87	1.84	Neural Network (Specific Model)	11	0.852	51795	303.9618820726623	1791859	0.42	1679	42	146071	None
SRR8692207_bin.17	66.27	0.0	Neural Network (Specific Model)	11	0.895	81546	319.9788786482335	2788436	0.56	2604	58	235514	None
SRR8692207_bin.2	10.49	0.0	Neural Network (Specific Model)	11	0.903	421107	377.28801843317973	543216	0.45	434	2	421107	None
SRR8692207_bin.20	83.96	0.65	Neural Network (Specific Model)	11	0.911	155072	365.6685050798258	4144466	0.45	3445	40	543525	None
SRR8692207_bin.22	100.0	1.1	Neural Network (Specific Model)	11	0.874	43570	336.71899088997895	3292096	0.64	2854	109	155269	None
SRR8692207_bin.23	75.25	0.71	Neural Network (Specific Model)	11	0.916	5903	275.33910726182546	1351641	0.46	1501	287	22629	None
SRR8692207_bin.24	14.65	0.0	Neural Network (Specific Model)	11	0.876	38372	391.22767857142856	299924	0.61	224	16	53300	None
SRR8692207_bin.25	33.64	0.28	Neural Network (Specific Model)	11	0.884	76973	298.51403618215846	1621204	0.56	1603	44	153018	None
SRR8692207_bin.26	67.26	0.07	Neural Network (Specific Model)	11	0.892	195851	366.9748130657222	3131356	0.43	2541	22	451523	None
SRR8692207_bin.27	99.97	1.79	Neural Network (Specific Model)	11	0.907	215432	370.9661487236404	4416135	0.43	3604	34	445593	None
SRR8692207_bin.29	11.67	0.02	Neural Network (Specific Model)	11	0.876	100842	285.04434589800445	439247	0.64	451	11	122081	None
SRR8692207_bin.3	30.14	0.03	Neural Network (Specific Model)	11	0.882	251948	385.1512605042017	933762	0.57	714	7	380665	None
SRR8692207_bin.30	9.53	0.09	Neural Network (Specific Model)	11	0.886	187934	332.10645161290324	348270	0.42	310	2	187934	None
SRR8692207_bin.32	55.09	0.03	Neural Network (Specific Model)	11	0.905	130272	326.50290360046455	930459	0.38	861	9	200780	None
SRR8692207_bin.33	4.99	0.17	Neural Network (Specific Model)	11	0.906	180011	273.872	225689	0.48	250	2	180011	None
SRR8692207_bin.4	20.64	0.17	Neural Network (Specific Model)	11	0.888	27649	339.35457063711914	413495	0.6	361	28	53490	None
SRR8692207_bin.6	97.35	1.28	Neural Network (Specific Model)	11	0.858	32558	300.06869009584665	2623555	0.47	2504	126	92281	None
SRR8692207_bin.8	50.16	0.12	Neural Network (Specific Model)	11	0.866	206345	332.3768267223382	1102475	0.39	958	6	366960	None
SRR8692207_bin.9	6.71	0.0	Neural Network (Specific Model)	11	0.914	243118	409.579766536965	345035	0.44	257	3	243118	None
SRR8692213_bin.1	97.02	0.45	Neural Network (Specific Model)	11	0.912	153821	372.91361639824305	4182833	0.46	3415	41	490297	None
SRR8692213_bin.10	100.0	0.18	Neural Network (Specific Model)	11	0.876	115367	340.0993031358885	3336890	0.64	2870	42	382974	None
SRR8692213_bin.12	11.94	0.0	Neural Network (Specific Model)	11	0.873	3223	227.42567567567568	230825	0.4	296	78	20136	None
SRR8692213_bin.14	4.23	0.01	Neural Network (Specific Model)	11	0.881	157683	312.88837209302324	228895	0.48	215	4	157683	None
SRR8692213_bin.16	39.78	0.09	Neural Network (Specific Model)	11	0.865	79732	338.68348045397227	930687	0.6	793	15	252936	None
SRR8692213_bin.17	27.29	0.01	Neural Network (Specific Model)	11	0.882	246179	318.0703959773727	1718855	0.56	1591	11	395368	None
SRR8692213_bin.2	20.5	0.0	Neural Network (Specific Model)	11	0.883	61190	298.47305389221555	845338	0.42	835	21	79534	None
SRR8692213_bin.24	19.91	0.48	Neural Network (Specific Model)	11	0.896	2406	251.4945295404814	384104	0.4	457	158	6435	None
SRR8692213_bin.26	92.78	1.97	Neural Network (Specific Model)	11	0.888	53449	308.9488	1953459	0.42	1875	51	189894	None
SRR8692213_bin.5	82.62	1.38	Neural Network (Specific Model)	11	0.838	7032	307.3350846468185	1883481	0.6	1713	339	31513	None
SRR8692213_bin.6	91.69	10.05	Neural Network (Specific Model)	11	0.88	7643	273.2277323062109	1932795	0.39	2077	361	42645	None
SRR8692213_bin.8	99.82	0.62	Neural Network (Specific Model)	11	0.911	127250	360.3063265816454	4736537	0.45	3999	66	270121	None
SRR8692213_bin.9	4.79	0.0	Neural Network (Specific Model)	11	0.84	75833	279.6216216216216	294874	0.46	296	8	116537	None
ERR2641635_bin.1	19.15	0.87	Neural Network (Specific Model)	11	0.88	2806	235.88019559902202	983950	0.33	1227	365	9449	None
ERR2641635_bin.15	86.83	8.35	Neural Network (Specific Model)	11	0.868	30867	291.6164835164835	4578948	0.41	4550	343	126656	None
ERR2641635_bin.16	8.82	0.01	Neural Network (Specific Model)	11	0.95	3690	393.6043613707165	796368	0.43	642	231	14696	None
ERR2641635_bin.18	83.92	6.48	Neural Network (Specific Model)	11	0.896	64685	371.6281352235551	3417933	0.4	2751	92	281625	None
ERR2641635_bin.2	50.08	2.81	Gradient Boost (General Model)	11	0.905	3795	290.69446494464944	1302955	0.47	1355	377	19625	None
ERR2641635_bin.20	62.72	0.76	Neural Network (Specific Model)	11	0.895	19682	320.7993311036789	1924887	0.49	1794	163	69963	None
ERR2641635_bin.24	87.15	56.82	Neural Network (Specific Model)	11	0.873	29635	313.36151452282155	4145302	0.59	3856	224	188053	None
ERR2641635_bin.27	68.6	0.1	Neural Network (Specific Model)	11	0.895	22482	341.8207142857143	1601874	0.44	1400	103	57938	None
ERR2641635_bin.29	83.9	1.3	Neural Network (Specific Model)	11	0.925	5451	309.586188992731	1929935	0.37	1926	445	22478	None
ERR2641635_bin.31	56.79	5.97	Neural Network (Specific Model)	11	0.88	3425	256.87483130904184	2589103	0.4	2964	811	15529	None
ERR2641635_bin.32	23.05	5.99	Neural Network (Specific Model)	11	0.848	11686	251.0811123986095	1528650	0.37	1726	201	72107	None
ERR2641635_bin.33	84.61	0.68	Gradient Boost (General Model)	11	0.885	24843	338.0187441424555	2440698	0.44	2134	159	83813	None
ERR2641635_bin.34	57.3	6.8	Neural Network (Specific Model)	11	0.887	54419	322.265015015015	1449976	0.6	1332	43	165033	None
ERR2641635_bin.35	90.4	3.39	Gradient Boost (General Model)	11	0.897	22193	279.3172437915355	2663006	0.29	2859	224	72089	None
ERR2641635_bin.38	93.69	1.53	Neural Network (Specific Model)	11	0.891	52196	333.94546120058567	3065199	0.47	2732	86	127875	None
ERR2641635_bin.39	95.47	0.14	Gradient Boost (General Model)	11	0.879	21043	327.3782430587164	2451570	0.33	2197	172	95783	None
ERR2641635_bin.4	93.94	0.26	Neural Network (Specific Model)	11	0.896	63643	349.7576064908722	3457096	0.41	2958	99	170367	None
ERR2641635_bin.44	91.13	0.03	Neural Network (Specific Model)	11	0.841	11432	317.71665852467027	2316118	0.57	2047	266	44740	None
ERR2641635_bin.46	94.47	38.09	Neural Network (Specific Model)	11	0.895	6154	289.79195059625215	4551290	0.43	4696	934	37634	None
ERR2641635_bin.47	56.31	8.44	Neural Network (Specific Model)	11	0.866	2872	266.8228782287823	1999659	0.38	2168	719	11535	None
ERR2641635_bin.52	99.16	5.03	Neural Network (Specific Model)	11	0.89	77885	331.0596572181938	3381063	0.43	3034	83	389603	None
ERR2641635_bin.55	86.5	64.47	Neural Network (Specific Model)	11	0.886	13646	312.45821452072823	4815897	0.45	4559	515	60968	None
ERR2641635_bin.57	82.2	0.86	Neural Network (Specific Model)	11	0.905	199811	381.07355292612726	3943865	0.41	3127	52	615599	None
ERR2641635_bin.59	83.36	0.24	Neural Network (Specific Model)	11	0.892	21944	317.4065162907268	2127087	0.42	1995	149	111847	None
ERR2641635_bin.65	67.5	3.51	Neural Network (Specific Model)	11	0.883	4586	285.4365733113674	1764257	0.61	1821	438	49933	None
ERR2641635_bin.9	97.17	8.85	Neural Network (Specific Model)	11	0.898	42884	304.27518710420264	3524944	0.41	3474	171	132672	None
ERR2641677_bin.1	78.78	1.03	Gradient Boost (General Model)	11	0.89	14864	303.5712669683258	1806585	0.62	1768	161	52404	None
ERR2641677_bin.16	42.24	22.59	Gradient Boost (General Model)	11	0.871	3723	240.87778459023093	8093485	0.36	9786	2415	40178	Low confidence prediction - substantial (36%) disagreement between completeness prediction models
ERR2641677_bin.21	46.47	7.92	Gradient Boost (General Model)	11	0.897	2342	229.3292817679558	1385977	0.61	1810	608	5649	None
ERR2641677_bin.24	91.6	28.08	Neural Network (Specific Model)	11	0.878	12321	293.08260175578613	5012425	0.42	5012	579	147318	None
ERR2641677_bin.28	78.53	24.27	Neural Network (Specific Model)	11	0.898	5695	297.40567951318457	2932473	0.45	2958	661	55248	None
ERR2641677_bin.29	23.84	0.01	Neural Network (Specific Model)	11	0.815	34834	304.0763888888889	482497	0.47	432	22	120735	None
ERR2641677_bin.3	74.95	1.37	Neural Network (Specific Model)	11	0.906	7635	320.3188342757721	2433957	0.42	2299	416	31782	None
ERR2641677_bin.31	87.87	42.01	Neural Network (Specific Model)	11	0.887	43815	322.0078864353312	3448441	0.42	3170	113	128228	None
ERR2641677_bin.33	99.97	1.27	Neural Network (Specific Model)	11	0.868	174395	322.97711088504576	2192284	0.55	1966	25	263095	None
ERR2641677_bin.34	84.45	2.97	Neural Network (Specific Model)	11	0.86	35114	314.3604531410917	3188116	0.42	2913	197	89679	None
ERR2641677_bin.35	96.96	13.0	Neural Network (Specific Model)	11	0.907	47733	355.59477272727275	5166927	0.47	4400	194	154289	None
ERR2641677_bin.38	93.51	1.18	Gradient Boost (General Model)	11	0.873	25946	300.3498158863756	1959147	0.59	1901	111	56610	None
ERR2641677_bin.4	84.85	75.94	Neural Network (Specific Model)	11	0.887	14101	318.6216805390408	5425990	0.45	5046	576	70157	None
ERR2641677_bin.40	15.85	0.41	Neural Network (Specific Model)	11	0.928	2976	334.5988074957411	1267405	0.41	1174	443	9980	None
ERR2641677_bin.42	28.16	6.13	Neural Network (Specific Model)	11	0.854	12078	246.81435739096875	2237800	0.37	2591	301	202109	None
ERR2641677_bin.44	86.93	4.68	Neural Network (Specific Model)	11	0.87	40397	316.46854219948847	2131697	0.59	1955	85	137971	None
ERR2641677_bin.58	100.0	7.37	Neural Network (Specific Model)	11	0.898	52489	360.295531811559	4948734	0.42	4118	160	195108	None
ERR2641677_bin.61	20.03	0.01	Neural Network (Specific Model)	11	0.913	261839	325.5297157622739	413564	0.41	387	3	261839	None
ERR2641677_bin.62	100.0	1.33	Gradient Boost (General Model)	11	0.881	157570	316.78960774325014	2115851	0.41	1963	23	306547	None
ERR2641677_bin.63	79.64	1.69	Neural Network (Specific Model)	11	0.881	6298	297.28142329020335	2187332	0.61	2164	431	33045	None
ERR2641677_bin.66	77.35	1.03	Neural Network (Specific Model)	11	0.903	81483	354.96849087893867	2840296	0.46	2412	65	222974	None
ERR2641677_bin.68	84.31	1.92	Neural Network (Specific Model)	11	0.884	14426	303.09139784946234	2100379	0.49	2046	210	107027	None
ERR2641677_bin.7	60.67	14.35	Gradient Boost (General Model)	11	0.897	2655	250.20688052068806	1797374	0.6	2151	676	11505	None
ERR2641677_bin.70	49.37	0.49	Neural Network (Specific Model)	11	0.93	2732	254.85163934426228	999997	0.36	1220	371	9896	None
ERR2641677_bin.72	85.03	0.03	Neural Network (Specific Model)	11	0.884	38727	326.2000837170364	2641683	0.49	2389	130	181600	None
ERR2641733_bin.11	34.79	8.69	Neural Network (Specific Model)	11	0.86	6783	240.02328070644901	3117404	0.36	3737	641	32418	None
ERR2641733_bin.13	84.87	5.38	Neural Network (Specific Model)	11	0.911	59415	356.31026925485287	3742254	0.44	3194	106	154486	None
ERR2641733_bin.15	53.29	6.51	Gradient Boost (General Model)	11	0.922	2876	254.18160651920837	1418628	0.61	1718	512	8097	None
ERR2641733_bin.16	80.72	40.3	Neural Network (Specific Model)	11	0.88	5361	276.00285918513225	3944260	0.6	4197	902	24750	None
ERR2641733_bin.17	5.35	0.03	Neural Network (Specific Model)	11	0.882	5651	241.5162454873646	226573	0.53	277	44	30437	None
ERR2641733_bin.18	92.84	22.23	Gradient Boost (General Model)	11	0.882	7150	279.9143260630786	6051107	0.4	6373	1217	44105	None
ERR2641733_bin.19	13.54	0.01	Neural Network (Specific Model)	11	0.812	63656	301.1727574750831	334296	0.47	301	15	70018	None
ERR2641733_bin.22	23.79	0.83	Neural Network (Specific Model)	11	0.876	2853	257.7230483271375	474117	0.57	538	172	6994	None
ERR2641733_bin.24	98.56	0.17	Gradient Boost (General Model)	11	0.91	205899	338.5042067307692	1853463	0.54	1664	12	391881	None
ERR2641733_bin.26	98.87	94.27	Neural Network (Specific Model)	11	0.924	4017	337.78509267255697	16480654	0.43	15053	4609	59092	None
ERR2641733_bin.34	90.49	10.99	Neural Network (Specific Model)	11	0.868	12959	304.7858787413661	4110214	0.42	3909	489	44671	None
ERR2641733_bin.43	16.65	0.0	Neural Network (Specific Model)	11	0.915	74670	328.7155172413793	499203	0.42	464	28	99112	None
ERR2641733_bin.45	92.65	5.76	Neural Network (Specific Model)	11	0.911	73234	370.44173602853743	4099374	0.47	3364	87	261121	None
ERR2641733_bin.46	45.17	0.11	Neural Network (Specific Model)	11	0.866	59347	373.4563492063492	977458	0.57	756	28	153187	None
ERR2641733_bin.49	94.58	0.35	Neural Network (Specific Model)	11	0.873	42629	335.66283924843424	2206965	0.61	1916	82	217326	None
ERR2641733_bin.54	96.26	0.14	Neural Network (Specific Model)	11	0.836	14733	325.73544480670705	2504694	0.56	2147	245	70630	None
ERR2641733_bin.57	38.83	0.0	Neural Network (Specific Model)	11	0.882	3008	266.133072407045	923250	0.57	1022	320	9171	None
ERR2641733_bin.58	96.08	97.42	Neural Network (Specific Model)	11	0.912	5773	297.0223231542327	10094653	0.44	10348	2309	42119	None
ERR2641733_bin.59	7.39	0.0	Neural Network (Specific Model)	11	0.928	2436	262.1417004048583	208520	0.47	247	85	6189	None
ERR2641733_bin.63	64.78	0.43	Neural Network (Specific Model)	11	0.878	4393	293.19653979238757	1445816	0.6	1445	376	22576	None
ERR2641733_bin.66	56.85	0.61	Neural Network (Specific Model)	11	0.891	109465	349.87950566426366	1142815	0.55	971	22	358118	None
ERR2641733_bin.67	99.72	1.44	Neural Network (Specific Model)	11	0.885	52810	323.61184834123225	2309719	0.44	2110	70	120069	None
ERR2641733_bin.68	33.41	1.5	Neural Network (Specific Model)	11	0.9	2722	254.12725450901803	843575	0.55	998	313	7682	None
ERR2641733_bin.69	7.53	0.0	Neural Network (Specific Model)	11	0.925	130906	386.30898876404495	222673	0.47	178	3	130906	None
ERR2641733_bin.76	59.04	0.56	Neural Network (Specific Model)	11	0.898	20629	339.57724550898206	1891546	0.46	1670	140	66381	None
ERR2641733_bin.78	97.53	2.23	Neural Network (Specific Model)	11	0.907	8568	300.6895930860641	2756762	0.37	2777	430	72002	None
ERR2641733_bin.8	82.41	1.37	Neural Network (Specific Model)	11	0.897	22593	335.7783483097989	2618510	0.48	2337	173	92907	None
ERR2641733_bin.82	75.56	1.06	Gradient Boost (General Model)	11	0.905	6190	287.32654320987655	1540443	0.54	1620	290	32624	None
SRR059458_bin.12	50.09	0.06	Neural Network (Specific Model)	11	0.918	11421	298.26365348399247	516180	0.33	531	66	30053	None
SRR059458_bin.15	84.32	2.74	Neural Network (Specific Model)	11	0.914	4533	303.4198113207547	1264818	0.27	1272	320	23488	None
SRR059458_bin.16	100.0	91.7	Neural Network (Specific Model)	11	0.937	42937	320.6429731925264	2519081	0.28	2462	98	123619	None
SRR059458_bin.17	99.15	0.36	Neural Network (Specific Model)	11	0.892	96733	321.11950146627566	1470774	0.39	1364	35	200238	None
SRR059458_bin.23	46.01	0.34	Neural Network (Specific Model)	11	0.877	213112	388.853228962818	679152	0.44	511	8	302362	None
SRR059458_bin.3	23.54	0.4	Neural Network (Specific Model)	11	0.949	2002	245.65641025641025	301608	0.31	390	146	4874	None
SRR059458_bin.31	86.35	1.88	Neural Network (Specific Model)	11	0.88	10972	334.96869070208726	1203079	0.43	1054	155	75817	None
SRR059458_bin.4	63.3	0.07	Neural Network (Specific Model)	11	0.862	80747	346.00747282608694	1769455	0.42	1472	47	247722	None
SRR059459_bin.1	21.45	0.58	Neural Network (Specific Model)	11	0.947	2149	263.51397849462364	386785	0.31	465	177	6434	None
SRR059459_bin.14	64.88	0.44	Gradient Boost (General Model)	11	0.908	99426	356.81094527363183	1183484	0.42	1005	32	145438	None
SRR059459_bin.16	24.61	0.03	Neural Network (Specific Model)	11	0.894	14516	353.2526041666667	454823	0.38	384	43	29613	None
SRR059459_bin.17	80.36	2.97	Neural Network (Specific Model)	11	0.876	10668	322.3820895522388	2215929	0.46	2010	282	43499	None
SRR059459_bin.23	30.32	0.0	Neural Network (Specific Model)	11	0.909	2895	269.438566552901	519627	0.45	586	183	8475	None
SRR059459_bin.29	45.23	0.08	Neural Network (Specific Model)	11	0.877	192966	390.64658634538154	664705	0.44	498	10	243680	None
SRR059459_bin.31	87.95	0.0	Neural Network (Specific Model)	11	0.903	84941	330.4540853217643	1514914	0.46	1383	27	314266	None
SRR059459_bin.33	23.62	0.0	Neural Network (Specific Model)	11	0.871	107025	357.22049689440996	396042	0.42	322	3	194789	None
SRR059459_bin.4	72.98	0.02	Neural Network (Specific Model)	11	0.871	116618	374.54299516908213	1333711	0.46	1035	18	282628	None
SRR059459_bin.8	98.21	1.8	Gradient Boost (General Model)	11	0.911	29496	335.22721749696234	1811813	0.53	1646	94	78033	None
SRR513791_bin.1	39.06	0.01	Neural Network (Specific Model)	11	0.877	20799	285.1525198938992	734322	0.38	754	48	62084	None
SRR513791_bin.3	82.45	0.02	Neural Network (Specific Model)	11	0.91	87820	319.204	1314646	0.34	1250	28	154151	None
SRR8692206_bin.11	96.05	1.37	Neural Network (Specific Model)	11	0.909	80411	342.9010582010582	2131960	0.59	1890	52	198815	None
SRR8692206_bin.15	83.26	1.44	Neural Network (Specific Model)	11	0.894	107688	355.7412587412587	3408345	0.45	2860	46	328529	None
SRR8692206_bin.16	8.47	0.0	Neural Network (Specific Model)	11	0.826	130590	312.22935779816515	246794	0.29	218	6	130590	None
SRR8692206_bin.17	84.27	1.48	Neural Network (Specific Model)	11	0.897	35351	309.1852517985611	1721889	0.43	1668	77	136577	None
SRR8692206_bin.23	15.02	0.16	Neural Network (Specific Model)	11	0.883	269137	311.7406340057637	366867	0.41	347	2	269137	None
SRR8692206_bin.24	55.51	0.4	Neural Network (Specific Model)	11	0.911	195860	357.84881968859867	2344017	0.45	1991	19	408499	None
SRR8692206_bin.26	81.3	0.65	Neural Network (Specific Model)	11	0.907	85987	351.90798258345427	4002331	0.46	3445	74	192798	None
SRR8692206_bin.28	15.26	0.0	Neural Network (Specific Model)	11	0.88	475839	310.3994673768309	793776	0.49	751	5	475839	None
SRR8692206_bin.29	23.4	0.07	Neural Network (Specific Model)	11	0.894	656118	324.9398496240602	1013264	0.51	931	2	656118	None
SRR8692206_bin.34	14.47	0.0	Neural Network (Specific Model)	11	0.88	363311	306.42857142857144	576907	0.51	553	2	363311	None
SRR8692206_bin.5	60.97	6.65	Neural Network (Specific Model)	11	0.854	7456	246.5370588235294	1468920	0.39	1700	237	64115	None
SRR8692206_bin.9	100.0	0.36	Neural Network (Specific Model)	11	0.907	115804	310.3998988877654	2029078	0.39	1978	26	261023	None
SRR8692207_bin.1	53.15	1.29	Neural Network (Specific Model)	11	0.886	174516	320.4424369747899	2578095	0.51	2380	28	375057	None
SRR8692207_bin.10	8.71	0.0	Neural Network (Specific Model)	11	0.85	82432	286.02564102564105	274910	0.43	273	5	104331	None
SRR8692207_bin.12	57.14	0.37	Neural Network (Specific Model)	11	0.877	31382	336.94452773613193	1534914	0.6	1334	81	132274	None
SRR8692207_bin.13	19.42	0.26	Neural Network (Specific Model)	11	0.854	2216	214.8300283286119	531334	0.38	706	230	8958	None
SRR8692207_bin.14	35.71	0.17	Neural Network (Specific Model)	11	0.858	103597	301.0402819738167	1042831	0.45	993	15	233368	None
SRR8692207_bin.18	84.84	0.32	Neural Network (Specific Model)	11	0.856	145484	366.1247991430102	2392155	0.65	1867	30	249780	None
SRR8692207_bin.19	99.99	0.3	Neural Network (Specific Model)	11	0.862	104874	291.41702330004756	2129303	0.37	2103	43	205830	None
SRR8692207_bin.21	99.99	0.09	Neural Network (Specific Model)	11	0.905	166833	337.88225108225106	2582442	0.63	2310	27	470957	None
SRR8692207_bin.28	21.72	0.01	Neural Network (Specific Model)	11	0.896	549851	351.502427184466	968478	0.43	824	5	549851	None
SRR8692207_bin.31	49.59	0.8	Neural Network (Specific Model)	11	0.889	134936	315.82142857142856	2293710	0.51	2156	30	421943	None
SRR8692207_bin.5	99.99	0.17	Neural Network (Specific Model)	11	0.9	206962	367.8738089704857	5270907	0.41	4303	62	340207	None
SRR8692207_bin.7	64.82	0.42	Neural Network (Specific Model)	11	0.889	336029	330.22939068100357	1551450	0.59	1395	7	594509	None
SRR8692213_bin.11	74.25	5.3	Neural Network (Specific Model)	11	0.908	2871	235.98120728929385	1367365	0.4	1756	502	11374	None
SRR8692213_bin.13	13.03	0.01	Neural Network (Specific Model)	11	0.872	125038	317.48580441640377	691563	0.43	634	14	145415	None
SRR8692213_bin.15	18.95	1.47	Neural Network (Specific Model)	11	0.887	2181	204.28836424957842	408462	0.4	593	187	5226	None
SRR8692213_bin.18	8.81	0.0	Neural Network (Specific Model)	11	0.881	77388	341.1490909090909	318947	0.59	275	6	130568	None
SRR8692213_bin.19	36.9	0.5	Neural Network (Specific Model)	11	0.897	83595	366.5144467935166	1736595	0.41	1419	29	293100	None
SRR8692213_bin.20	95.64	4.43	Neural Network (Specific Model)	11	0.881	11990	287.7209920283437	2209537	0.39	2258	268	61250	None
SRR8692213_bin.21	72.56	0.06	Neural Network (Specific Model)	11	0.891	221911	323.3720864127345	3824449	0.56	3518	24	466156	None
SRR8692213_bin.22	25.63	0.0	Neural Network (Specific Model)	11	0.873	544421	322.28978224455614	659859	0.6	597	4	544421	None
SRR8692213_bin.23	41.36	0.03	Neural Network (Specific Model)	11	0.901	95969	379.8781690140845	1793524	0.42	1420	29	236691	None
SRR8692213_bin.25	19.79	0.0	Neural Network (Specific Model)	11	0.878	275523	332.7457627118644	468589	0.6	413	4	275523	None
SRR8692213_bin.3	41.29	1.52	Neural Network (Specific Model)	11	0.893	263584	341.3264705882353	1946971	0.5	1700	14	478106	None
SRR8692213_bin.4	70.16	0.55	Neural Network (Specific Model)	11	0.895	145144	322.4647766323024	3768288	0.49	3492	41	504900	None
SRR8692213_bin.7	99.97	2.64	Neural Network (Specific Model)	11	0.904	148730	360.9362472832649	4954633	0.42	4141	49	481125	None
